,Unnamed: 0,ID,Ã­canstatus
0,0,100010172748146,Yes
1,1,100006703741421,Yes
2,2,100073734591574,
3,3,100051172246121,
4,4,100021583512910,
5,5,100003824367264,
6,6,100010244645583,
7,7,100026662443888,
8,8,100004882901901,
9,9,100017035385294,
10,10,100023029097438,
11,11,100000117952821,
12,12,100001904808553,
13,13,100019332728742,
14,14,100078363558610,
15,15,100006294512805,
16,16,100004689845782,
17,17,100009931421760,
18,18,100011411611205,
19,19,100009863618435,
20,20,100005157911105,
21,21,100043957144603,
22,22,100021786702487,
23,23,100035809441626,
24,24,100000265784571,
25,25,100026692726403,
26,26,100033825254840,
27,27,100008019575166,
28,28,100005270323728,
29,29,100014099509444,
30,30,100010250734769,
31,31,100009784219192,
32,32,100010254281000,
33,33,100006490593852,
34,34,100016821016115,
35,35,100009704298954,
36,36,100051483226748,
37,37,100003659119709,
38,38,100009199475224,
39,39,100030464454029,
40,40,100008060143268,
41,41,100005656152674,
42,42,100023142908168,
43,43,100009926500978,
44,44,100006026476875,
45,45,100004898988987,
46,46,100008561311563,
47,47,100066683737103,
48,48,100054694881580,
49,49,100011079155704,
50,50,100007173120049,
51,51,100008390320136,
52,52,100009934950777,
53,53,100024877831372,
54,54,100003806795836,
55,55,100003322234140,
56,56,100000217647264,
57,57,100005420568053,
58,58,100014683355457,
59,59,100061455626464,
60,60,100010673493965,
61,61,100008392925414,
62,62,100023961693813,
63,63,100003088474976,
64,64,100044866380158,
65,65,100038771661700,
66,66,100026247001648,
67,67,100015655687511,
68,68,100007359604470,
69,69,100013480513023,
70,70,100048131434672,
71,71,100000289835000,
72,72,100012603164288,
73,73,100004280045560,
74,74,100005785801261,
75,75,100009613639853,
76,76,100054677350018,
77,77,100003297369647,
78,78,100009871479829,
79,79,100005140878208,
80,80,100008812159032,
81,81,100027405740227,
82,82,100007318513594,
83,83,100016741362092,
84,84,100011155896255,
85,85,100004021939558,
86,86,100035725951787,
87,87,100000155743557,
88,88,100010233189585,
89,89,100013692812002,
90,90,100007145374295,
91,91,100009387562842,
92,92,100004749632692,
93,93,100010054151771,
94,94,100004179635377,
95,95,100004054295002,
96,96,100052061371923,
97,97,100067064914045,
98,98,100074775122703,
99,99,100039241748064,
100,100,100052749140339,
101,101,100004917456460,
102,102,591731863,
103,103,100008067158977,
104,104,100006298955354,
105,105,100007858844667,
106,106,100004507833184,
107,107,100009487389163,
108,108,100054819125968,
109,109,100025238826385,
110,110,100004017092456,
111,111,100003157086449,
112,112,100005622751404,
113,113,100051076453288,
114,114,100010052892845,
115,115,1259259210,
116,116,100007068700824,
117,117,100007836815860,
118,118,100002248186826,
119,119,100074573221181,
120,120,100004406131039,
121,121,100042822187244,
122,122,100043837200697,
123,123,100008320065195,
124,124,100016064583975,
125,125,100004858381544,
126,126,100004073480695,
127,127,100009380186571,
128,128,100004550233250,
129,129,100012707803627,
130,130,100039389914580,
131,131,100009603499356,
132,132,100007451290321,
133,133,100028619610465,
134,134,100015741798048,
135,135,1596654913,
136,136,100008307738009,
137,137,100053200761286,
138,138,100044895053567,
139,139,100009296571491,
140,140,100035401642291,
141,141,100002238800136,
142,142,100009475307338,
143,143,100040398945093,
144,144,100009290980648,
145,145,100011708580415,
146,146,100009321988065,
147,147,100002909873951,
148,148,100012127930034,
149,149,100024383675865,
150,150,100007453244407,
151,151,100004952564439,
152,152,100008574270899,
153,153,100000717615611,
154,154,100003140984219,
155,155,100011377480174,
156,156,100020154721746,
157,157,100078112447349,
158,158,100006618558809,
159,159,100008398846092,
160,160,100041834160641,
161,161,100007974454315,
162,162,100011202076720,
163,163,100006598816802,
164,164,100047592467429,
165,165,100011173905395,
166,166,100003985539854,
167,167,100024078517798,
168,168,100007087607890,
169,169,100051301098859,
170,170,100052414972763,
171,171,100008636584752,
172,172,100040641862576,
173,173,100010330623762,
174,174,100048434563419,
175,175,100029010631324,
176,176,100010001207152,
177,177,100002926371830,
178,178,100009569101512,
179,179,100025140429528,
180,180,100001445381919,
181,181,100022313536622,
182,182,100007607732835,
183,183,100059322200571,
184,184,100078952423108,
185,185,100007135036618,
186,186,100001081698902,
187,187,100007116940080,
188,188,100050135792506,
189,189,100008216377465,
190,190,1001664275,
191,191,100006154515658,
192,192,100006600942506,
193,193,100008456416482,
194,194,100009211442987,
195,195,100006703591302,
196,196,100012701611719,
197,197,100069270196057,
198,198,100056476680260,
199,199,100000310263949,
200,200,100004706299176,
201,201,100013835870108,
202,202,100011249833595,
203,203,100009213250100,
204,204,100058893502614,
205,205,100004392301141,
206,206,100002315961510,
207,207,100005164937878,
208,208,100000933248997,
209,209,100008634611625,
210,210,100036476002851,
211,211,100002038626591,
212,212,100008159193456,
213,213,100001804789020,
214,214,100031041341026,
215,215,100009560532049,
216,216,100011457405091,
217,217,100003510666868,
218,218,100009717512631,
219,219,100013109350010,
220,220,100044218173857,
221,221,100070443300886,
222,222,100022223645024,
223,223,100009952606013,
224,224,100039345303035,
225,225,100005091677451,
226,226,100041388167581,
227,227,100076077764960,
228,228,100006866355195,
229,229,100003948862844,
230,230,100070715432927,
231,231,100004347374610,
232,232,100048966634438,
233,233,100013778564005,
234,234,100013168891852,
235,235,100001801720399,
236,236,100004632002802,
237,237,100025506167122,
238,238,100006241247365,
239,239,100006800687011,
240,240,100073294364974,
241,241,100005929453650,
242,242,100003744377255,
243,243,100001909291646,
244,244,100005120472202,
245,245,100005295428828,
246,246,100013712110454,
247,247,100006321937785,
248,248,100080140213805,
249,249,100034683603372,
250,250,100004891517574,
251,251,100027881271075,
252,252,100006833355417,
253,253,100007026215293,
254,254,100018485484047,
255,255,100015129124951,
256,256,100005704154297,
257,257,100008104773923,
258,258,100003813490822,
259,259,100007795593892,
260,260,100038703699050,
261,261,100009401594989,
262,262,100009703990471,
263,263,100040440750215,
264,264,100009558215303,
265,265,100035378014206,
266,266,100007072058778,
267,267,100011068122193,
268,268,100056031476787,
269,269,100012813917778,
270,270,100004181679728,
271,271,100001443669643,
272,272,100006455965872,
273,273,100005933832777,
274,274,100055521437323,
275,275,100012674801457,
276,276,100024195710134,
277,277,100008460102084,
278,278,100024655908654,
279,279,100014044953113,
280,280,100006963675164,
281,281,100004517773734,
282,282,100039517862139,
283,283,100006766891012,
284,284,100051443709662,
285,285,100005757760003,
286,286,100051099544481,
287,287,100010649297268,
288,288,1685299939,
289,289,100006013921990,
290,290,100034844600886,
291,291,100003321037128,
292,292,100015687829255,
293,293,100007375954859,
294,294,100010501721169,
295,295,100035473638036,
296,296,100010064230990,
297,297,100003907576807,
298,298,100075239203112,
299,299,100021765224350,
300,300,100022093150193,
301,301,100004411324732,
302,302,100008701962112,
303,303,100000996974090,
304,304,100010277381971,
305,305,100006383806024,
306,306,100003824824765,
307,307,100020511761337,
308,308,100001804420629,
309,309,100009287631835,
310,310,100004290067877,
311,311,100009758657796,
312,312,100004667327962,
313,313,100004405633774,
314,314,100003726025362,
315,315,100007702212869,
316,316,100008698204063,
317,317,100012728444410,
318,318,100006810436092,
319,319,100004192537936,
320,320,100067768725214,
321,321,100001323746303,
322,322,100057493814531,
323,323,100009512292102,
324,324,100013507638325,
325,325,100006047677803,
326,326,100007533962143,
327,327,100000304655602,
328,328,100010322829534,
329,329,100004361445032,
330,330,100009856599826,
331,331,100004149666627,
332,332,100005297868918,
333,333,100006978451846,
334,334,100006863614653,
335,335,100012024880922,
336,336,100003018702284,
337,337,100000885893196,
338,338,100009592668838,
339,339,100004122703982,
340,340,100005096410199,
341,341,100022812563766,
342,342,100012857644063,
343,343,100027339620781,
344,344,100078668597489,
345,345,100040392394413,
346,346,100079107181451,
347,347,100004710787273,
348,348,100001439759229,
349,349,100003795409085,
350,350,100006054258566,
351,351,100078863509056,
352,352,100041865039934,
353,353,100019417965413,
354,354,100003279145069,
355,355,100014211606660,
356,356,100007162413804,
357,357,100043135450699,
358,358,100016436887248,
359,359,100001306981853,
360,360,100058504423057,
361,361,100039731239658,
362,362,100048657580249,
363,363,100006099731092,
364,364,100040593654037,
365,365,100005794509343,
366,366,100004767420848,
367,367,100006667361979,
368,368,100004809827518,
369,369,100011317633439,
370,370,100040691206146,
371,371,100004305880326,
372,372,100006906879571,
373,373,100035932895818,
374,374,100029094698141,
375,375,1243595347,
376,376,100023595561200,
377,377,100007664716136,
378,378,100061066421627,
379,379,100014912653990,
380,380,100003547603835,
381,381,100003127701755,
382,382,100064594699022,
383,383,100011501016544,
384,384,100004649083002,
385,385,100035764063870,
386,386,100008233482406,
387,387,100061881521064,
388,388,100075668195217,
389,389,100011308786958,
390,390,100003944654914,
391,391,100040508916077,
392,392,100010704873565,
393,393,100012504139546,
394,394,100034931809907,
395,395,100079886374819,
396,396,100014141976131,
397,397,100029081524585,
398,398,100000011816681,
399,399,100077584620552,
400,400,100014223465263,
401,401,100076830432747,
402,402,100004995843811,
403,403,100029328623540,
404,404,100014959689675,
405,405,100011592192235,
406,406,100012297755240,
407,407,100074354845595,
408,408,100009437182687,
409,409,100009077444952,
410,410,100046188759252,
411,411,100035042192783,
412,412,100013349051578,
413,413,100005691461100,
414,414,100031366562655,
415,415,100009299061635,
416,416,100010746242848,
417,417,100010094555874,
418,418,100007725392333,
419,419,1263127304,
420,420,100002758008553,
421,421,100010010687760,
422,422,100031047185754,
423,423,100036729425443,
424,424,100078113211974,
425,425,100024114526430,
426,426,100026667482625,
427,427,100005867403090,
428,428,100008609776821,
429,429,100007519895160,
430,430,100003627890637,
431,431,100017926663958,
432,432,100027984791607,
433,433,100006658084746,
434,434,100002415645541,
435,435,100009445815715,
436,436,100009683766108,
437,437,100010284070313,
438,438,100062103691665,
439,439,100008602563832,
440,440,100053573663078,
441,441,582379587,
442,442,100047402474207,
443,443,100003968499127,
444,444,100016239245584,
445,445,100005539089624,
446,446,100007024264695,
447,447,100005939118485,
448,448,100031966808558,
449,449,100004149511643,
450,450,100003373484083,
451,451,100014652766995,
452,452,100009262643159,
453,453,100043840951672,
454,454,100037157903224,
455,455,100003254517611,
456,456,100014394340704,
457,457,100075444375822,
458,458,100009834093212,
459,459,100048627290226,
460,460,100003022411311,
461,461,100022690881034,
462,462,100008618049134,
463,463,100024680631815,
464,464,100011554686636,
465,465,100005565794255,
466,466,100076601017413,
467,467,100006333937348,
468,468,100015111371400,
469,469,100043037281656,
470,470,100001855276770,
471,471,100003472731698,
472,472,100003822237343,
473,473,100050112531035,
474,474,100014867052547,
475,475,100022589701415,
476,476,100011094798322,
477,477,100007698732172,
478,478,100034781232511,
479,479,100032453853486,
480,480,100027573300586,
481,481,100004079970922,
482,482,100010104276531,
483,483,100006194168418,
484,484,100007957234432,
485,485,100009754957055,
486,486,100012769059472,
487,487,100004019275314,
488,488,100006745507345,
489,489,100022516635667,
490,490,100008692171925,
491,491,100025004100811,
492,492,100009687160032,
493,493,100005136126215,
494,494,100004978689883,
495,495,100037695222424,
496,496,100005136971078,
497,497,100022410045418,
498,498,100009524942516,
499,499,100041951822660,
500,500,100029825345235,
501,501,100016544529983,
502,502,100000357789366,
503,503,100042557443227,
504,504,100006880159453,
505,505,100028905981749,
506,506,100012324825189,
507,507,100005644964246,
508,508,100009976893852,
509,509,100050438121784,
510,510,100045490350083,
511,511,100071222125642,
512,512,100023051432387,
513,513,100001551060538,
514,514,100008874517284,
515,515,653184924,
516,516,100004373621458,
517,517,100030132677702,
518,518,100026985075719,
519,519,100006715964058,
520,520,100008378201150,
521,521,100005041025073,
522,522,100009216419280,
523,523,100004070798515,
524,524,100072846594079,
525,525,100008291830708,
526,526,100025745468987,
527,527,100046672620892,
528,528,100040427670107,
529,529,100055246065706,
530,530,100009086733147,
531,531,100027270390606,
532,532,100004391088625,
533,533,100051350172785,
534,534,100002714928413,
535,535,100079770257929,
536,536,100003674764017,
537,537,100038970000792,
538,538,1098726760,
539,539,100004671815281,
540,540,100073857224327,
541,541,100001047665212,
542,542,100001746169365,
543,543,100010562771903,
544,544,100027734740689,
545,545,100017625278843,
546,546,100064746624765,
547,547,100015068862392,
548,548,100024701200853,
549,549,100002579345463,
550,550,100012500283291,
551,551,100004022091469,
552,552,100031061170912,
553,553,100000559924254,
554,554,100000655159222,
555,555,100008307434371,
556,556,100004457975695,
557,557,100042727203031,
558,558,100009539477570,
559,559,100004251272915,
560,560,100076193100418,
561,561,100000241587288,
562,562,100009258071743,
563,563,100057231427350,
564,564,100027014829996,
565,565,100047402292115,
566,566,100054266485814,
567,567,100004915966816,
568,568,100006297486940,
569,569,100007674275898,
570,570,100056963474914,
571,571,100006245080093,
572,572,100035095326530,
573,573,100019385569149,
574,574,100005940460633,
575,575,100008200682955,
576,576,100012090045372,
577,577,100004317435076,
578,578,100077488403859,
579,579,100003950475099,
580,580,100011805040214,
581,581,100006706606573,
582,582,100004740584866,
583,583,100004249836911,
584,584,100019313701602,
585,585,100000266384088,
586,586,100001503303998,
587,587,100007164454852,
588,588,100010091719098,
589,589,1423932635,
590,590,100002737254786,
591,591,100024167894002,
592,592,100008418842196,
593,593,100004483921438,
594,594,100013273425043,
595,595,100004782278286,
596,596,100003477900382,
597,597,100007953259226,
598,598,100008270107503,
599,599,100060458255036,
600,600,100012078220854,
601,601,100009479850820,
602,602,100005490255315,
603,603,100003112401796,
604,604,100045578572210,
605,605,100077328225997,
606,606,100005564712025,
607,607,100014746512150,
608,608,100004489509958,
609,609,100054063197944,
610,610,100006452693510,
611,611,100005239546967,
612,612,100004026729392,
613,613,100008027833332,
614,614,100058080458194,
615,615,100012869628250,
616,616,100021780589552,
617,617,100041943223359,
618,618,100011093043151,
619,619,100015044744905,
620,620,100013732423312,
621,621,100071180345374,
622,622,100077025417887,
623,623,100052103461118,
624,624,100040783898401,
625,625,100034289002683,
626,626,100023621683416,
627,627,100006470452067,
628,628,100008539148808,
629,629,100008223992900,
630,630,100004410361515,
631,631,100000015118350,
632,632,100039912547589,
633,633,100008469631922,
634,634,100006572805769,
635,635,100046796814526,
636,636,100004157195813,
637,637,100006351854040,
638,638,100056515551293,
639,639,100006664242389,
640,640,100010066783282,
641,641,100010513180495,
642,642,100005571545576,
643,643,100009457033653,
644,644,100012667354547,
645,645,100004032774905,
646,646,100003346722245,
647,647,100021585502155,
648,648,100002737751895,
649,649,100005328490130,
650,650,100002920307064,
651,651,100003136213828,
652,652,100009822691938,
653,653,100012808891058,
654,654,100005715097949,
655,655,100059820331515,
656,656,100011401214431,
657,657,100011841399488,
658,658,100012564199029,
659,659,100078774537434,
660,660,100006508260948,
661,661,100007830733673,
662,662,100010528804275,
663,663,100001888026152,
664,664,100005553434076,
665,665,1102150254,
666,666,100000474930917,
667,667,100009282324083,
668,668,100022102990991,
669,669,100008425427684,
670,670,100018672916860,
671,671,100019538328565,
672,672,100027803355969,
673,673,100042153246892,
674,674,100003949237033,
675,675,100003922740442,
676,676,100002720363730,
677,677,100027638988809,
678,678,100020745483327,
679,679,100000439568562,
680,680,100034117132452,
681,681,100001018710816,
682,682,100014188235677,
683,683,100001853805262,
684,684,100005617352996,
685,685,100006122261477,
686,686,100000191314791,
687,687,100079470426754,
688,688,100008043916176,
689,689,100038307264317,
690,690,100079527289241,
691,691,100074721156846,
692,692,100008547971382,
693,693,100034473256609,
694,694,100037500728732,
695,695,100003339094089,
696,696,100009497435321,
697,697,100015059920401,
698,698,100002861940258,
699,699,100005573953095,
700,700,100075196466843,
701,701,100004054297698,
702,702,100014376997196,
703,703,100027172453709,
704,704,100000048363576,
705,705,100006689131665,
706,706,100007252538420,
707,707,100002733567539,
708,708,100006408181181,
709,709,100005855774097,
710,710,100052881018949,
711,711,100027430491844,
712,712,100006823357425,
713,713,100003770958421,
714,714,100000460988394,
715,715,100026902659628,
716,716,100049745144383,
717,717,100004794126417,
718,718,100009434720610,
719,719,100007605646998,
720,720,100034977368366,
721,721,100010642633690,
722,722,100054822219978,
723,723,100007015861978,
724,724,100005692004958,
725,725,100058033970082,
726,726,100010311407457,
727,727,100017002574213,
728,728,100006266944183,
729,729,100013246275288,
730,730,100012634562860,
731,731,100002251699100,
732,732,100022229620594,
733,733,100063641615609,
734,734,100006751656865,
735,735,100004287044973,
736,736,100007218678908,
737,737,100003211589244,
738,738,100012190684365,
739,739,100007035581602,
740,740,100038617922312,
741,741,100005637288537,
742,742,100009042508570,
743,743,100061387032115,
744,744,100004283223754,
745,745,100011343482648,
746,746,100047638174916,
747,747,100006113983556,
748,748,100031276892693,
749,749,100003270572447,
750,750,100004385586013,
751,751,100013929786924,
752,752,100007755157320,
753,753,100022819670199,
754,754,100009675664228,
755,755,100076924964243,
756,756,100000763574407,
757,757,100006933034189,
758,758,100000041741852,
759,759,100053148682853,
760,760,100006480215907,
761,761,100039060023425,
762,762,100013588965254,
763,763,100003965533083,
764,764,100034413703063,
765,765,100055560347488,
766,766,100004167462697,
767,767,100010889746595,
768,768,100003854411768,
769,769,100010297909248,
770,770,100008190228798,
771,771,100010767751359,
772,772,100052587800507,
773,773,100068272313734,
774,774,100036421386095,
775,775,100013909268397,
776,776,100022650412957,
777,777,100013754461552,
778,778,100007518392226,
779,779,100009007212645,
780,780,100004701604479,
781,781,100007409611299,
782,782,100007880232546,
783,783,100010101274696,
784,784,100015274085296,
785,785,100028210209554,
786,786,2372107276185113,
787,787,100062144467182,
788,788,100011918717055,
789,789,100048932416199,
790,790,100005058488621,
791,791,100004344428454,
792,792,100010368990866,
793,793,100008009443297,
794,794,100022886861510,
795,795,100055350642357,
796,796,100004510233462,
797,797,100004692480863,
798,798,100065047215645,
799,799,100003958532917,
800,800,100008668787328,
801,801,100058256235288,
802,802,100009024194703,
803,803,100005967341958,
804,804,100003977002183,
805,805,100001809913755,
806,806,100003999973492,
807,807,100006943092084,
808,808,100006451817971,
809,809,100028655896864,
810,810,100035970372053,
811,811,100001742144288,
812,812,100003203912381,
813,813,100003521960913,
814,814,100003202666761,
815,815,100032732387538,
816,816,100076898671719,
817,817,100012256126602,
818,818,100043041193517,
819,819,100051919385100,
820,820,100031549097169,
821,821,100005079844451,
822,822,100075399215521,
823,823,100037437275474,
824,824,100042496532231,
825,825,100001733102892,
826,826,100002736072094,
827,827,100030082152001,
828,828,100011265065399,
829,829,100069531797939,
830,830,100011225735225,
831,831,100012744643884,
832,832,100072336666839,
833,833,100008910764895,
834,834,100004381384017,
835,835,100006028960737,
836,836,100040740352214,
837,837,100010946958519,
838,838,100012375398265,
839,839,100004769464707,
840,840,100048358968453,
841,841,100010643523226,
842,842,1792230327,
843,843,100009270018523,
844,844,100040586880429,
845,845,100008981581376,
846,846,100049187641340,
847,847,100011392185942,
848,848,100023882229265,
849,849,100012303210185,
850,850,100027832773009,
851,851,100014288114297,
852,852,100007352291651,
853,853,100004082644322,
854,854,100066780816931,
855,855,100000454669487,
856,856,100015911566582,
857,857,100005086026462,
858,858,100007434004475,
859,859,100008215300111,
860,860,100009515478015,
861,861,100010537896134,
862,862,100015825997162,
863,863,100010107120821,
864,864,100055141795187,
865,865,100002808099270,
866,866,100016544137980,
867,867,100009997445927,
868,868,100010782393327,
869,869,100005464262201,
870,870,100007802354791,
871,871,100003741112464,
872,872,100013926668162,
873,873,100071742137266,
874,874,100007195747323,
875,875,100004697558568,
876,876,100028426770811,
877,877,100003088863191,
878,878,100037948970258,
879,879,100027390102034,
880,880,100009368464529,
881,881,100007822205576,
882,882,100005540316113,
883,883,100009361763902,
884,884,100048308523599,
885,885,100011352046864,
886,886,100017853424748,
887,887,100007731428181,
888,888,100029419313533,
889,889,100013145232538,
890,890,100003692345608,
891,891,100018487252095,
892,892,100006229272494,
893,893,100050063118118,
894,894,100035650562801,
895,895,100025166114924,
896,896,100001655858994,
897,897,100001844798151,
898,898,100004016184349,
899,899,100004753835355,
900,900,100062911456451,
901,901,100004517823294,
902,902,100044307409617,
903,903,100011192749062,
904,904,100004061447783,
905,905,100004179096777,
906,906,100078966097339,
907,907,100022749217694,
908,908,100040986829179,
909,909,100066535662838,
910,910,100055713464616,
911,911,100003495748076,
912,912,100013303035551,
913,913,100049438740874,
914,914,100076501107626,
915,915,100003991461698,
916,916,100003614708129,
917,917,100010554457291,
918,918,100011727647070,
919,919,100032988617430,
920,920,100008863415169,
921,921,100023949158568,
922,922,100048081305427,
923,923,100004971103232,
924,924,100000639987872,
925,925,100047041864993,
926,926,100020485669408,
927,927,100008055032401,
928,928,100007061346801,
929,929,100005507322164,
930,930,100068304472590,
931,931,100027118355350,
932,932,100013957662024,
933,933,100014006555204,
934,934,100003556090054,
935,935,100005714926709,
936,936,100006107880520,
937,937,100027922724330,
938,938,100003118956468,
939,939,100053038909134,
940,940,100004286230593,
941,941,100004305243999,
942,942,100052246774653,
943,943,100022654357406,
944,944,100051958185158,
945,945,100003762067953,
946,946,100048092480982,
947,947,100048172968378,
948,948,100007707191761,
949,949,100029571103373,
950,950,100020689896384,
951,951,100046653096864,
952,952,100038934072352,
953,953,100013520012654,
954,954,100000545660859,
955,955,100010743361138,
956,956,100001688239545,
957,957,100027770045905,
958,958,100004005095035,
959,959,100028436122473,
960,960,100004738634815,
961,961,100028406644008,
962,962,100005664011188,
963,963,100058956368037,
964,964,100009609907485,
965,965,100049063853520,
966,966,100005904964734,
967,967,100035563953562,
968,968,100034578163764,
969,969,100025817422600,
970,970,100004658833911,
971,971,100043830101062,
972,972,100027178898172,
973,973,100004621235053,
974,974,100056085039639,
975,975,100011702486663,
976,976,100012547203366,
977,977,100005512876451,
978,978,100035629717598,
979,979,100005165744158,
980,980,100000260217725,
981,981,100072460134788,
982,982,100006509294529,
983,983,100010689823853,
984,984,100008463762980,
985,985,100041769221985,
986,986,100005596508856,
987,987,100005548747789,
988,988,100005723651654,
989,989,100007511882966,
990,990,100021817786736,
991,991,100005775330187,
992,992,100003601590664,
993,993,100027087492499,
994,994,100015363120294,
995,995,100004663603875,
996,996,100012931631884,
997,997,100063917778284,
998,998,100020345928122,
999,999,100004670475934,
1000,1000,100009229356400,
1001,1001,100004602014066,
1002,1002,100005616643011,
1003,1003,100006831706825,
1004,1004,100005828948730,
1005,1005,100003466610037,
1006,1006,100053080330057,
1007,1007,100005429471661,
1008,1008,100008569327314,
1009,1009,100010126441928,
1010,1010,1097145217,
1011,1011,100044187551419,
1012,1012,100006260672782,
1013,1013,100027733388170,
1014,1014,100036237591631,
1015,1015,100007677821394,
1016,1016,100074874536320,
1017,1017,100054382277904,
1018,1018,100030137468225,
1019,1019,100008542201160,
1020,1020,100011633791433,
1021,1021,100023175093014,
1022,1022,100036168495739,
1023,1023,100035897434769,
1024,1024,100007574827407,
1025,1025,100018814443151,
1026,1026,100015769786751,
1027,1027,100041104110661,
1028,1028,100024990288020,
1029,1029,100013517283045,
1030,1030,100021080887029,
1031,1031,100039474553039,
1032,1032,100008203083948,
1033,1033,100041869300312,
1034,1034,100028662485431,
1035,1035,100003597879480,
1036,1036,100007501275522,
1037,1037,100010257663183,
1038,1038,100002543623058,
1039,1039,100004005074366,
1040,1040,100005143716461,
1041,1041,100006530625840,
1042,1042,100007887123633,
1043,1043,100000420099540,
1044,1044,100011410343219,
1045,1045,100024288878755,
1046,1046,100003986890245,
1047,1047,100010208893329,
1048,1048,100051836677812,
1049,1049,100012493930479,
1050,1050,100000529810387,
1051,1051,100011986232351,
1052,1052,100007030033320,
1053,1053,100013286287048,
1054,1054,100011456917508,
1055,1055,100000566122792,
1056,1056,100005426229924,
1057,1057,100005815125719,
1058,1058,1183825452,
1059,1059,100002722514444,
1060,1060,100051795472898,
1061,1061,100030933052920,
1062,1062,100009251463258,
1063,1063,100006972488151,
1064,1064,100008242512409,
1065,1065,100038799303283,
1066,1066,100009084534132,
1067,1067,100010280283506,
1068,1068,100037101690037,
1069,1069,100016677435824,
1070,1070,100073931048869,
1071,1071,100007543007906,
1072,1072,100047532365891,
1073,1073,100011419229927,
1074,1074,100004308005660,
1075,1075,100005976542770,
1076,1076,100006148843614,
1077,1077,100006962740705,
1078,1078,100013483723590,
1079,1079,100066409209764,
1080,1080,100035534021981,
1081,1081,100002839968423,
1082,1082,100009862818147,
1083,1083,100023658073013,
1084,1084,100003146554048,
1085,1085,100036270137105,
1086,1086,100057353682257,
1087,1087,100056747239253,
1088,1088,100027643697521,
1089,1089,100034651204601,
1090,1090,100048014717449,
1091,1091,100039840936203,
1092,1092,100054286999097,
1093,1093,100033168708957,
1094,1094,100007053975937,
1095,1095,100023665252986,
1096,1096,100013288575503,
1097,1097,100005196282444,
1098,1098,100059891987724,
1099,1099,100005101607176,
1100,1100,100002533293317,
1101,1101,100050871031701,
1102,1102,100010005191843,
1103,1103,100004580563588,
1104,1104,100003747855483,
1105,1105,100071131746830,
1106,1106,100007011661912,
1107,1107,100009323890445,
1108,1108,100052473781096,
1109,1109,100009385630745,
1110,1110,100005439181450,
1111,1111,100012993873072,
1112,1112,100078402656203,
1113,1113,100052133316394,
1114,1114,100000897540467,
1115,1115,100006948011588,
1116,1116,100023063139388,
1117,1117,100005120024920,
1118,1118,100021242672251,
1119,1119,100048173133244,
1120,1120,100003678857375,
1121,1121,100051901790074,
1122,1122,100036587033424,
1123,1123,100012523118652,
1124,1124,100004287212674,
1125,1125,100009924520789,
1126,1126,100052281143578,
1127,1127,100002491710931,
1128,1128,100000229096551,
1129,1129,100012224198837,
1130,1130,100005996232549,
1131,1131,100022244989365,
1132,1132,100004843750743,
1133,1133,100006540841599,
1134,1134,100067570553706,
1135,1135,100000766611498,
1136,1136,100002961348326,
1137,1137,100010696535966,
1138,1138,100009871806542,
1139,1139,100005397367517,
1140,1140,100013359454113,
1141,1141,100038706661446,
1142,1142,100003607521605,
1143,1143,100004034869228,
1144,1144,100004919743742,
1145,1145,100006665910675,
1146,1146,100072587966471,
1147,1147,100013858604992,
1148,1148,100005877014225,
1149,1149,100007722139128,
1150,1150,100008719509182,
1151,1151,100004706106014,
1152,1152,100004131191561,
1153,1153,100010405652814,
1154,1154,100007811055770,
1155,1155,100032519200464,
1156,1156,100078999773774,
1157,1157,100053655275982,
1158,1158,100029158380228,
1159,1159,100001799917908,
1160,1160,100000446925663,
1161,1161,100006405009039,
1162,1162,100028487222069,
1163,1163,100004830603927,
1164,1164,100009969390921,
1165,1165,100001785955274,
1166,1166,100006282482418,
1167,1167,100007914491871,
1168,1168,100009613980465,
1169,1169,100014968512644,
1170,1170,100008815081363,
1171,1171,100011467509609,
1172,1172,100013032018772,
1173,1173,100058837320692,
1174,1174,100028796520304,
1175,1175,100011412569411,
1176,1176,100001295957772,
1177,1177,100044114117739,
1178,1178,100015274695743,
1179,1179,100052654745479,
1180,1180,1753501567,
1181,1181,100076130826432,
1182,1182,100061864030103,
1183,1183,100024546584803,
1184,1184,532904863410689,
1185,1185,100009812163310,
1186,1186,100008106180532,
1187,1187,100006405400167,
1188,1188,100008485088394,
1189,1189,100009575400253,
1190,1190,100012294304447,
1191,1191,100022872513336,
1192,1192,100005783553529,
1193,1193,100005850699848,
1194,1194,100021785661606,
1195,1195,100011839539161,
1196,1196,100026814090506,
1197,1197,100004705482205,
1198,1198,100004500692089,
1199,1199,100011554718456,
1200,1200,100002417092425,
1201,1201,100005705322146,
1202,1202,100041071880615,
1203,1203,100011690632386,
1204,1204,100014679104735,
1205,1205,100017633538627,
1206,1206,100041419014022,
1207,1207,100004089011222,
1208,1208,100051643521351,
1209,1209,100006696559309,
1210,1210,100005260111915,
1211,1211,100079236795712,
1212,1212,100003104938035,
1213,1213,100035412322882,
1214,1214,100039296507612,
1215,1215,100006869555730,
1216,1216,100003194868500,
1217,1217,100009910723319,
1218,1218,100037883584505,
1219,1219,100009409255330,
1220,1220,100012219273030,
1221,1221,100008130783854,
1222,1222,100050695035787,
1223,1223,100002747390369,
1224,1224,1020157039,
1225,1225,100032367797251,
1226,1226,100009081709445,
1227,1227,100006443535144,
1228,1228,100006578773717,
1229,1229,100068518885946,
1230,1230,519189955,
1231,1231,100010033170869,
1232,1232,100074955581096,
1233,1233,100012512358967,
1234,1234,100022114815099,
1235,1235,100024266962623,
1236,1236,100005427878439,
1237,1237,100032294977791,
1238,1238,100071843586736,
1239,1239,100005716179435,
1240,1240,100011374031028,
1241,1241,100046021623989,
1242,1242,100049233095793,
1243,1243,100010094956190,
1244,1244,100072617924305,
1245,1245,100021859568202,
1246,1246,100006170859967,
1247,1247,100078124158222,
1248,1248,100009194239624,
1249,1249,100006162559370,
1250,1250,100028935557158,
1251,1251,100005605545125,
1252,1252,100005470669267,
1253,1253,100071929412973,
1254,1254,100014693559769,
1255,1255,100001399909732,
1256,1256,100004097289167,
1257,1257,100048968132868,
1258,1258,100010228453005,
1259,1259,100005363567068,
1260,1260,100030374744457,
1261,1261,100071051025333,
1262,1262,100022061320050,
1263,1263,100014632474586,
1264,1264,100054771645154,
1265,1265,1830371758,
1266,1266,100005058485810,
1267,1267,100004106300588,
1268,1268,100002746880234,
1269,1269,395622761034219,
1270,1270,100016590076160,
1271,1271,100007589717062,
1272,1272,100003267352308,
1273,1273,100008204448256,
1274,1274,100004203523639,
1275,1275,100010145437340,
1276,1276,100045390913870,
1277,1277,100006971406370,
1278,1278,100028121586710,
1279,1279,100039366143850,
1280,1280,100001900396778,
1281,1281,100051140093759,
1282,1282,100006437253857,
1283,1283,100021558579874,
1284,1284,1797891288,
1285,1285,100005349667284,
1286,1286,100079052651611,
1287,1287,100006671075458,
1288,1288,100003262973991,
1289,1289,100067906068288,
1290,1290,100006464257358,
1291,1291,100004677107733,
1292,1292,100004471122711,
1293,1293,100004404158639,
1294,1294,100027958573827,
1295,1295,100049910703416,
1296,1296,100014887089580,
1297,1297,100013665556304,
1298,1298,100076838170413,
1299,1299,100003614387448,
1300,1300,100004244148973,
1301,1301,100008137056110,
1302,1302,100029405783691,
1303,1303,100023033230613,
1304,1304,100011576288959,
1305,1305,100005939400449,
1306,1306,100002176495825,
1307,1307,100002904080407,
1308,1308,100044984497944,
1309,1309,100005190274116,
1310,1310,100003233136158,
1311,1311,370443607152120,
1312,1312,100007923098853,
1313,1313,100003664435750,
1314,1314,100006023914288,
1315,1315,100004105302551,
1316,1316,100006487291473,
1317,1317,100015361361098,
1318,1318,100058551763465,
1319,1319,100006448908697,
1320,1320,100030170826675,
1321,1321,100007595708758,
1322,1322,100035380412463,
1323,1323,100029868091986,
1324,1324,100004936352942,
1325,1325,100004738547709,
1326,1326,100001368542886,
1327,1327,100010370026367,
1328,1328,100063624256591,
1329,1329,100011920993938,
1330,1330,100014340793173,
1331,1331,100006615723161,
1332,1332,100015302441055,
1333,1333,100029698400144,
1334,1334,100010033778022,
1335,1335,100022303990171,
1336,1336,100005949792747,
1337,1337,100042902437693,
1338,1338,100002913109589,
1339,1339,1267669423,
1340,1340,100030229022139,
1341,1341,100007537367488,
1342,1342,100005516886982,
1343,1343,100052336330171,
1344,1344,1790659428,
1345,1345,100052095961607,
1346,1346,100079456192718,
1347,1347,100005315734467,
1348,1348,100006740970862,
1349,1349,100004074815461,
1350,1350,100058743923521,
1351,1351,100045465155523,
1352,1352,100013053515726,
1353,1353,100061816239899,
1354,1354,100010990573103,
1355,1355,100000361355076,
1356,1356,100009262772265,
1357,1357,100010457136694,
1358,1358,100010005851983,
1359,1359,100051378202264,
1360,1360,100003980595720,
1361,1361,100006000548985,
1362,1362,100019768504885,
1363,1363,100010583203728,
1364,1364,100009298307043,
1365,1365,100006398287494,
1366,1366,100029579003114,
1367,1367,100006376893698,
1368,1368,100005607631213,
1369,1369,100053015536746,
1370,1370,100005129710370,
1371,1371,100021981885394,
1372,1372,100058479702247,
1373,1373,100009676148607,
1374,1374,100069593047125,
1375,1375,100072703531526,
1376,1376,100027330877721,
1377,1377,100002586602063,
1378,1378,100008976030921,
1379,1379,100004011797746,
1380,1380,100006468353789,
1381,1381,100009667696117,
1382,1382,100063326662169,
1383,1383,100004515132430,
1384,1384,100037948671073,
1385,1385,100010897664953,
1386,1386,100009956861386,
1387,1387,100068212688341,
1388,1388,100024163622231,
1389,1389,100006153552269,
1390,1390,100035465952770,
1391,1391,100006468899967,
1392,1392,100010802387227,
1393,1393,100017911450611,
1394,1394,100014152816052,
1395,1395,100003669325467,
1396,1396,100032245596158,
1397,1397,100008402382013,
1398,1398,100029085693286,
1399,1399,100004340461472,
1400,1400,100004677850942,
1401,1401,100027901080843,
1402,1402,100009930543376,
1403,1403,100010111909469,
1404,1404,100010100195947,
1405,1405,100005195707641,
1406,1406,100008107806090,
1407,1407,100004784552940,
1408,1408,100029970264337,
1409,1409,100046620755634,
1410,1410,100021550187077,
1411,1411,100000047459080,
1412,1412,100009394879835,
1413,1413,100073454005487,
1414,1414,100011188813832,
1415,1415,100040134872698,
1416,1416,100015035715252,
1417,1417,100005444080463,
1418,1418,100013793473053,
1419,1419,100045547793583,
1420,1420,100051733190624,
1421,1421,100013097897755,
1422,1422,100004035259314,
1423,1423,100024908590422,
1424,1424,100006907484565,
1425,1425,100013265132908,
1426,1426,100026406127829,
1427,1427,100012150462450,
1428,1428,100021576102847,
1429,1429,100064707858192,
1430,1430,100022933194046,
1431,1431,100011117808029,
1432,1432,100021586092037,
1433,1433,100073365101981,
1434,1434,100009842773834,
1435,1435,100012874386498,
1436,1436,100010890160215,
1437,1437,100056255861408,
1438,1438,100006736007057,
1439,1439,100007971044562,
1440,1440,100013070504421,
1441,1441,100010333183276,
1442,1442,100023396646331,
1443,1443,100017277306188,
1444,1444,100021774701233,
1445,1445,100007451059360,
1446,1446,100003785565368,
1447,1447,100003725510636,
1448,1448,100004084343121,
1449,1449,100011579403338,
1450,1450,100017154935631,
1451,1451,100037239044474,
1452,1452,100035837981933,
1453,1453,100008255371210,
1454,1454,100029405121207,
1455,1455,100009694937895,
1456,1456,100007298435992,
1457,1457,100036127638220,
1458,1458,100003899175669,
1459,1459,100009878621601,
1460,1460,100035726825818,
1461,1461,100009959945862,
1462,1462,100005720407026,
1463,1463,100005978893532,
1464,1464,100017216417484,
1465,1465,100069947795123,
1466,1466,100073656640004,
1467,1467,100002975984304,
1468,1468,100006750011858,
1469,1469,100012924858251,
1470,1470,100049168240996,
1471,1471,100011409790211,
1472,1472,100004564115649,
1473,1473,100010615871713,
1474,1474,100009270201719,
1475,1475,100051689410188,
1476,1476,100015314434103,
1477,1477,100006525363878,
1478,1478,100003072036686,
1479,1479,100072784343330,
1480,1480,100010403943475,
1481,1481,100029246166825,
1482,1482,100004399028788,
1483,1483,100008739911905,
1484,1484,100014301852168,
1485,1485,100053824896666,
1486,1486,100006059197627,
1487,1487,100004866671463,
1488,1488,100013614002573,
1489,1489,100003021068875,
1490,1490,100030306291316,
1491,1491,100009628986880,
1492,1492,100005286519521,
1493,1493,100039016326742,
1494,1494,100010158309678,
1495,1495,100003045956895,
1496,1496,100022951272143,
1497,1497,100006705750858,
1498,1498,100041992490547,
1499,1499,100021800441745,
1500,1500,100058556756266,
1501,1501,100009223739885,
1502,1502,100001328823638,
1503,1503,100039944404914,
1504,1504,100053194782455,
1505,1505,100043102236451,
1506,1506,100005529794986,
1507,1507,100032047562007,
1508,1508,100041331043706,
1509,1509,100048317873533,
1510,1510,100031076319627,
1511,1511,100038076644984,
1512,1512,100012687068187,
1513,1513,100002739187994,
1514,1514,100045523934885,
1515,1515,100041625034215,
1516,1516,100006017388619,
1517,1517,100010732086727,
1518,1518,100010294146976,
1519,1519,100012922561524,
1520,1520,100005559124627,
1521,1521,100043463906770,
1522,1522,100055350454932,
1523,1523,100041762701521,
1524,1524,100009034324746,
1525,1525,100008634765350,
1526,1526,100004022810517,
1527,1527,100005675590066,
1528,1528,100005766092443,
1529,1529,100005998305389,
1530,1530,100004816485043,
1531,1531,592556549,
1532,1532,100052949535440,
1533,1533,100007731190597,
1534,1534,100016411366852,
1535,1535,100008184529242,
1536,1536,100038555863302,
1537,1537,100007827752640,
1538,1538,100008132190398,
1539,1539,100006643176710,
1540,1540,100009491100378,
1541,1541,100069893984499,
1542,1542,100066200781328,
1543,1543,100011194300739,
1544,1544,100013958985435,
1545,1545,100033416132895,
1546,1546,100028419944341,
1547,1547,100013429155236,
1548,1548,100069568926611,
1549,1549,100009438181661,
1550,1550,100028726803739,
1551,1551,100004863076586,
1552,1552,100009862417776,
1553,1553,100006579613736,
1554,1554,100012736659229,
1555,1555,100011927162738,
1556,1556,585082614,
1557,1557,100006842176892,
1558,1558,100011028490764,
1559,1559,100079970062750,
1560,1560,100056877822311,
1561,1561,100038575179459,
1562,1562,100004869630876,
1563,1563,100018260221164,
1564,1564,100011088098637,
1565,1565,100027981978773,
1566,1566,100011268827266,
1567,1567,100013256260536,
1568,1568,100011038121344,
1569,1569,100010244868428,
1570,1570,100007379558545,
1571,1571,1587097036,
1572,1572,100066698063935,
1573,1573,100007769767583,
1574,1574,100000466751657,
1575,1575,100009920948485,
1576,1576,100074940512068,
1577,1577,100001774768308,
1578,1578,100005386927821,
1579,1579,100006816061746,
1580,1580,100007384003516,
1581,1581,100004219085338,
1582,1582,100065635950827,
1583,1583,100045050913185,
1584,1584,100056422733405,
1585,1585,100005605831561,
1586,1586,100035358847686,
1587,1587,100004669452382,
1588,1588,1998261883787385,
1589,1589,100011474910988,
1590,1590,100022251634831,
1591,1591,514098915288729,
1592,1592,100003533810613,
1593,1593,100036115455367,
1594,1594,100011396103011,
1595,1595,100054247628897,
1596,1596,100002339089186,
1597,1597,100028043435339,
1598,1598,100027361447218,
1599,1599,100051169927154,
1600,1600,100022556145736,
1601,1601,100008288436380,
1602,1602,100005156622717,
1603,1603,100009005801113,
1604,1604,100004583082124,
1605,1605,100052251651669,
1606,1606,100068880782486,
1607,1607,100009186823520,
1608,1608,100011189535338,
1609,1609,100011613810810,
1610,1610,100003805588621,
1611,1611,100007866347681,
1612,1612,100010429804956,
1613,1613,100001936357980,
1614,1614,100006861930035,
1615,1615,100013269994908,
1616,1616,100008145159159,
1617,1617,100015196321466,
1618,1618,100038805780169,
1619,1619,100003882071153,
1620,1620,100029708746995,
1621,1621,100008491512075,
1622,1622,100006388691114,
1623,1623,100024921695332,
1624,1624,100027700575122,
1625,1625,100020141216313,
1626,1626,100008789586991,
1627,1627,100029745364494,
1628,1628,100028256572198,
1629,1629,100026386849877,
1630,1630,100005165251731,
1631,1631,100035825130522,
1632,1632,100009797100245,
1633,1633,100005571514009,
1634,1634,100004491872427,
1635,1635,100046057040326,
1636,1636,100027355154738,
1637,1637,100012898478390,
1638,1638,100006245867865,
1639,1639,100005143721549,
1640,1640,100001541020785,
1641,1641,100001686025630,
1642,1642,100041330584956,
1643,1643,100009025734152,
1644,1644,100006827146074,
1645,1645,100028018763051,
1646,1646,100010089917371,
1647,1647,100024908017070,
1648,1648,100040262571815,
1649,1649,100021731826664,
1650,1650,100008251834440,
1651,1651,100015218533393,
1652,1652,100006713863754,
1653,1653,100004799771873,
1654,1654,100006938653620,
1655,1655,100007692423048,
1656,1656,1788686786,
1657,1657,100060449851564,
1658,1658,100008560922924,
1659,1659,100037785590350,
1660,1660,100000092635070,
1661,1661,100004720621234,
1662,1662,100023552419845,
1663,1663,100022552052279,
1664,1664,100001779426276,
1665,1665,100026641686624,
1666,1666,100067103105791,
1667,1667,100003979401351,
1668,1668,100040189093867,
1669,1669,100000586540635,
1670,1670,100009536635269,
1671,1671,100001756571869,
1672,1672,100011248924743,
1673,1673,100010853731041,
1674,1674,100006853359605,
1675,1675,100027319542247,
1676,1676,100011938576369,
1677,1677,100006463709316,
1678,1678,100000026865235,
1679,1679,100011545512756,
1680,1680,100002975598364,
1681,1681,100028841752551,
1682,1682,100001342831417,
1683,1683,100026445016269,
1684,1684,100074904032706,
1685,1685,100009755466855,
1686,1686,100003931914888,
1687,1687,100010184040774,
1688,1688,100008620359251,
1689,1689,616647917,
1690,1690,100004520704965,
1691,1691,100003950504425,
1692,1692,100076404537825,
1693,1693,100005786977925,
1694,1694,100004988833151,
1695,1695,100011418942866,
1696,1696,100008293682119,
1697,1697,100010311510328,
1698,1698,100077032290813,
1699,1699,100070759234028,
1700,1700,100000431648562,
1701,1701,100007413614408,
1702,1702,100003972084422,
1703,1703,100041434853091,
1704,1704,100005485569441,
1705,1705,100009980193526,
1706,1706,100021010383201,
1707,1707,100030447497886,
1708,1708,100007173466253,
1709,1709,100005044247516,
1710,1710,100010867217018,
1711,1711,100005779964670,
1712,1712,100011766090541,
1713,1713,100000765893044,
1714,1714,100011521635659,
1715,1715,100010344013126,
1716,1716,100034038577238,
1717,1717,100003140850672,
1718,1718,100002898203284,
1719,1719,100037666642617,
1720,1720,100018222653914,
1721,1721,100039508344175,
1722,1722,100014920693952,
1723,1723,100052780554163,
1724,1724,100006762460830,
1725,1725,100006582372123,
1726,1726,100021353947370,
1727,1727,100005102495339,
1728,1728,100007518738168,
1729,1729,100075168163583,
1730,1730,100026585976484,
1731,1731,100009191086587,
1732,1732,100050450594866,
1733,1733,100029933881831,
1734,1734,100054486096521,
1735,1735,100013758871221,
1736,1736,100013457433076,
1737,1737,100005334338372,
1738,1738,100049009801378,
1739,1739,100078264338892,
1740,1740,100000761127433,
1741,1741,100011169856489,
1742,1742,100005862841323,
1743,1743,100009601341468,
1744,1744,100011206232625,
1745,1745,100026526157066,
1746,1746,100010164526185,
1747,1747,100010515456115,
1748,1748,1376861867,
1749,1749,1059054545,
1750,1750,100023963386460,
1751,1751,100011330220886,
1752,1752,100006710403922,
1753,1753,100003611950560,
1754,1754,100007512150755,
1755,1755,100010159451605,
1756,1756,100025321971212,
1757,1757,100022812283534,
1758,1758,100013445713599,
1759,1759,100008639868417,
1760,1760,100004897124307,
1761,1761,100010117811062,
1762,1762,100007852753453,
1763,1763,100010411968420,
1764,1764,100026552433853,
1765,1765,100048770954611,
1766,1766,100034612090558,
1767,1767,100000574578342,
1768,1768,100013816202447,
1769,1769,100015334412309,
1770,1770,100009791568756,
1771,1771,100003224964960,
1772,1772,100005243760761,
1773,1773,100013511019659,
1774,1774,100007822657745,
1775,1775,100027870324001,
1776,1776,100000458274540,
1777,1777,100055019932007,
1778,1778,100003878913620,
1779,1779,100005864767623,
1780,1780,100003950096668,
1781,1781,100002933520894,
1782,1782,100010761069356,
1783,1783,100030109650214,
1784,1784,100009840936014,
1785,1785,100010230883380,
1786,1786,100034319462281,
1787,1787,100078001235036,
1788,1788,100005752207741,
1789,1789,100008179954664,
1790,1790,100035848040655,
1791,1791,100001040680988,
1792,1792,100038764553366,
1793,1793,100013204927300,
1794,1794,100001187938266,
1795,1795,100048799350429,
1796,1796,100005802797949,
1797,1797,100002321603200,
1798,1798,100055580566054,
1799,1799,100014102140008,
1800,1800,100006253068651,
1801,1801,100047233250457,
1802,1802,100014649766396,
1803,1803,100069962718380,
1804,1804,100011782851939,
1805,1805,100055891301496,
1806,1806,100007994208937,
1807,1807,100028155404855,
1808,1808,100003256525318,
1809,1809,100004549770331,
1810,1810,100010546542288,
1811,1811,100004481826082,
1812,1812,100027604320127,
1813,1813,100014587515999,
1814,1814,100029913947264,
1815,1815,100010165783130,
1816,1816,100047186554980,
1817,1817,100014366738918,
1818,1818,100013478403267,
1819,1819,100013412291195,
1820,1820,100056856169071,
1821,1821,100008138779048,
1822,1822,100025327413864,
1823,1823,100009060913295,
1824,1824,100008519316672,
1825,1825,100013283868133,
1826,1826,100005588461123,
1827,1827,100009507144791,
1828,1828,100004073526741,
1829,1829,100000824264610,
1830,1830,100027892984937,
1831,1831,100010142315674,
1832,1832,100065499306931,
1833,1833,100072394729339,
1834,1834,100006287223143,
1835,1835,100009671283297,
1836,1836,100008121161970,
1837,1837,100018525579102,
1838,1838,100001567615494,
1839,1839,100000198678498,
1840,1840,100015053568017,
1841,1841,100004341300680,
1842,1842,100010306486825,
1843,1843,100005091254143,
1844,1844,100000212610156,
1845,1845,100004547133275,
1846,1846,100003780579641,
1847,1847,1716958557,
1848,1848,100014449093263,
1849,1849,100075694325640,
1850,1850,1693414964,
1851,1851,100006424899949,
1852,1852,100009337886017,
1853,1853,100002864845204,
1854,1854,100045319070298,
1855,1855,100006214365840,
1856,1856,100004528777906,
1857,1857,100004405213886,
1858,1858,100018338092834,
1859,1859,100006430816894,
1860,1860,100010428131616,
1861,1861,100012903573482,
1862,1862,100005108233271,
1863,1863,100049812813673,
1864,1864,100011663588288,
1865,1865,100022922282834,
1866,1866,100076121104518,
1867,1867,100028532537424,
1868,1868,100008685841042,
1869,1869,100003035778258,
1870,1870,100037592723550,
1871,1871,100006453969704,
1872,1872,100006390994641,
1873,1873,100008271396724,
1874,1874,100070449033305,
1875,1875,100012147759230,
1876,1876,100007980665391,
1877,1877,100071014957631,
1878,1878,100033884722209,
1879,1879,535478680,
1880,1880,100039818801931,
1881,1881,100003988503069,
1882,1882,100020267555201,
1883,1883,100013303538495,
1884,1884,100005248720811,
1885,1885,100075500620943,
1886,1886,100012634752702,
1887,1887,100015481423563,
1888,1888,100046464916061,
1889,1889,100004495661099,
1890,1890,100035191719176,
1891,1891,100006911410857,
1892,1892,100009615366357,
1893,1893,100023514979400,
1894,1894,100013199408141,
1895,1895,100038825056802,
1896,1896,100006891521445,
1897,1897,100006452193290,
1898,1898,100015077610141,
1899,1899,100006221401532,
1900,1900,100004100777288,
1901,1901,100008234625051,
1902,1902,100004885330726,
1903,1903,100004182314616,
1904,1904,100029546264129,
1905,1905,100007697417155,
1906,1906,100025500575253,
1907,1907,100002955257901,
1908,1908,100071514012609,
1909,1909,100004561023481,
1910,1910,100008482505380,
1911,1911,100009041766341,
1912,1912,100010598268306,
1913,1913,100037443164184,
1914,1914,100006307393122,
1915,1915,100010424172465,
1916,1916,100011690347364,
1917,1917,100007658471602,
1918,1918,100004852572367,
1919,1919,100010630570591,
1920,1920,100006324788289,
1921,1921,100008414250661,
1922,1922,100003775057978,
1923,1923,100005232551982,
1924,1924,100077393287967,
1925,1925,100006912490514,
1926,1926,100001912834890,
1927,1927,100011009555454,
1928,1928,100027245854092,
1929,1929,100010774984483,
1930,1930,100007657811630,
1931,1931,100064637112209,
1932,1932,100014014685897,
1933,1933,100033818940913,
1934,1934,100005173248677,
1935,1935,100074298823374,
1936,1936,100004966958271,
1937,1937,100054529189293,
1938,1938,100005122094484,
1939,1939,100004998247508,
1940,1940,100004076221598,
1941,1941,100039916834307,
1942,1942,100075834062669,
1943,1943,644061227,
1944,1944,100004894772315,
1945,1945,100026922943748,
1946,1946,100004646595696,
1947,1947,100028169672014,
1948,1948,100025312821322,
1949,1949,100002168782839,
1950,1950,100006601355013,
1951,1951,100013949383242,
1952,1952,100004409828305,
1953,1953,100022897206555,
1954,1954,100003142873833,
1955,1955,100005157913815,
1956,1956,100008798708789,
1957,1957,100008683417767,
1958,1958,100041985812241,
1959,1959,100005176716565,
1960,1960,100007945593381,
1961,1961,100011371261610,
1962,1962,100011229908168,
1963,1963,100000131770100,
1964,1964,100076889506173,
1965,1965,100006452099732,
1966,1966,100002785771624,
1967,1967,100005131304604,
1968,1968,100068787417271,
1969,1969,100011490884013,
1970,1970,100037285631037,
1971,1971,100011385815777,
1972,1972,100007652862627,
1973,1973,100022268110874,
1974,1974,100006440784120,
1975,1975,100071851388057,
1976,1976,100014048506056,
1977,1977,100026450841944,
1978,1978,100016993141209,
1979,1979,100004581904174,
1980,1980,100002702397708,
1981,1981,100007713640489,
1982,1982,100011243867799,
1983,1983,100021740616286,
1984,1984,100075469808052,
1985,1985,100052963890279,
1986,1986,100006637512972,
1987,1987,100045632890840,
1988,1988,100008284279480,
1989,1989,100015767342801,
1990,1990,100021339563067,
1991,1991,100004099807294,
1992,1992,100060860346589,
1993,1993,100004355564666,
1994,1994,100040209862330,
1995,1995,100024785730952,
1996,1996,100006502663939,
1997,1997,100001791082702,
1998,1998,100028618245717,
1999,1999,100001868877791,
2000,2000,100011163760700,
2001,2001,100024297073131,
2002,2002,100041413505922,
2003,2003,100023344754372,
2004,2004,100000103706295,
2005,2005,100005564054704,
2006,2006,100011742550163,
2007,2007,100003331501587,
2008,2008,100004403163737,
2009,2009,100004302647746,
2010,2010,100026554372563,
2011,2011,100077805580336,
2012,2012,100002156738036,
2013,2013,100028054339977,
2014,2014,100006410586086,
2015,2015,100008293867294,
2016,2016,100078326834072,
2017,2017,100041929733454,
2018,2018,100019179870314,
2019,2019,100013629548178,
2020,2020,100009887802952,
2021,2021,100070850633501,
2022,2022,100028636311960,
2023,2023,100011190183146,
2024,2024,100009182521692,
2025,2025,100011344791485,
2026,2026,100047453596327,
2027,2027,100007277106136,
2028,2028,100015700231755,
2029,2029,100034478062391,
2030,2030,100004142019274,
2031,2031,100004221363379,
2032,2032,100010739681184,
2033,2033,100018479290241,
2034,2034,100005607556898,
2035,2035,100004030164707,
2036,2036,100023836752324,
2037,2037,100006477762122,
2038,2038,100005294760116,
2039,2039,100025965767524,
2040,2040,100015331684544,
2041,2041,100070898720360,
2042,2042,100004804269398,
2043,2043,100007717951716,
2044,2044,100011796803437,
2045,2045,100035365032816,
2046,2046,100017628547246,
2047,2047,100013102295528,
2048,2048,100024628170617,
2049,2049,100007800180449,
2050,2050,100003967508436,
2051,2051,100007868981823,
2052,2052,100051299197600,
2053,2053,100027123676902,
2054,2054,100026764381570,
2055,2055,100003638094181,
2056,2056,100005236298541,
2057,2057,100006038952791,
2058,2058,100037401511400,
2059,2059,100013426538331,
2060,2060,100024849833882,
2061,2061,100029782622464,
2062,2062,100037448647516,
2063,2063,100002915193410,
2064,2064,100079949738363,
2065,2065,100012146194975,
2066,2066,100033267781695,
2067,2067,100070185647894,
2068,2068,100009250685341,
2069,2069,100010172319944,
2070,2070,100075930325759,
2071,2071,100017408020054,
2072,2072,100005962051254,
2073,2073,100010424716388,
2074,2074,100000208674722,
2075,2075,100007969488719,
2076,2076,100007692909997,
2077,2077,100005599037438,
2078,2078,100030768770793,
2079,2079,100009907601850,
2080,2080,100005207773833,
2081,2081,100015356587535,
2082,2082,100005538258610,
2083,2083,100057704860528,
2084,2084,100005055826352,
2085,2085,100034745809476,
2086,2086,100039249919640,
2087,2087,100072571746243,
2088,2088,100023060793180,
2089,2089,100077907547385,
2090,2090,100010309008320,
2091,2091,100023751828166,
2092,2092,100010858008340,
2093,2093,100017337451300,
2094,2094,100002487525145,
2095,2095,100079195509666,
2096,2096,100005372020704,
2097,2097,100010982374501,
2098,2098,100005296547705,
2099,2099,100009452305804,
2100,2100,100006295081694,
2101,2101,100011204704282,
2102,2102,100015323312124,
2103,2103,100008335513731,
2104,2104,100006789092046,
2105,2105,100009971443057,
2106,2106,100008526303069,
2107,2107,100001717045884,
2108,2108,100072094655583,
2109,2109,100012196034144,
2110,2110,100055781490930,
2111,2111,100004856652195,
2112,2112,100036390529546,
2113,2113,100004810291991,
2114,2114,100003141279082,
2115,2115,100015710323534,
2116,2116,100030015768874,
2117,2117,100053619982437,
2118,2118,100036304512819,
2119,2119,100012165786809,
2120,2120,100004094827541,
2121,2121,100007692606511,
2122,2122,100009511519760,
2123,2123,100004652315877,
2124,2124,100007752947389,
2125,2125,100022877340484,
2126,2126,100044322911247,
2127,2127,100016194788331,
2128,2128,100004985522497,
2129,2129,100004262683501,
2130,2130,100045093762804,
2131,2131,100005572540771,
2132,2132,100005961221266,
2133,2133,100004201922922,
2134,2134,100004255904083,
2135,2135,100033331668356,
2136,2136,100004720509162,
2137,2137,100008421391601,
2138,2138,100007437908059,
2139,2139,100004772921232,
2140,2140,100032253452887,
2141,2141,100079671248538,
2142,2142,100007446397859,
2143,2143,100013125816200,
2144,2144,100009186398469,
2145,2145,100029267441131,
2146,2146,100001655331013,
2147,2147,100006500734412,
2148,2148,100000693099055,
2149,2149,100034175090733,
2150,2150,100004548603005,
2151,2151,100000586815128,
2152,2152,100009022322512,
2153,2153,100042574058105,
2154,2154,100012031421903,
2155,2155,100073306627382,
2156,2156,100008079844503,
2157,2157,100006028931214,
2158,2158,100005809091588,
2159,2159,100027564233760,
2160,2160,100004551285254,
2161,2161,100013100237973,
2162,2162,100010748046400,
2163,2163,100005588890756,
2164,2164,100005332187944,
2165,2165,100076074142663,
2166,2166,100025038907740,
2167,2167,100028075174692,
2168,2168,100007372188189,
2169,2169,100001113077551,
2170,2170,100046560651711,
2171,2171,100009053123590,
2172,2172,100009131149290,
2173,2173,100000261185048,
2174,2174,100026362656171,
2175,2175,100012805277627,
2176,2176,100076373361162,
2177,2177,100010082714414,
2178,2178,100024225784581,
2179,2179,100051034374261,
2180,2180,100075176081527,
2181,2181,100051997050560,
2182,2182,100072621973373,
2183,2183,100003100931835,
2184,2184,100034983699676,
2185,2185,100003712997423,
2186,2186,100052196070378,
2187,2187,100008128333125,
2188,2188,100050241077384,
2189,2189,100007662211244,
2190,2190,100009609669291,
2191,2191,100011432794006,
2192,2192,100056932025209,
2193,2193,100005727635654,
2194,2194,100010389676215,
2195,2195,100005798521222,
2196,2196,100002798432532,
2197,2197,100001603310661,
2198,2198,100006396436204,
2199,2199,100002406968080,
2200,2200,100037927150345,
2201,2201,100004759149424,
2202,2202,100007978710443,
2203,2203,100023043483941,
2204,2204,100054596913395,
2205,2205,100004031435744,
2206,2206,100006288223463,
2207,2207,100004643199088,
2208,2208,100054217544778,
2209,2209,100066478166410,
